AURA_ari	AURA_ari
AURA_aur	AURA_aur
AURA_gra	AURA_gra
AURA_pun	AURA_pun
BIGE25_1_1	BIGE25_1_1
BIGE25_1_2	BIGE25_1_2
BREV07_3_1	BREV07_3_1
BREV07_5_1	BREV07_5_1
BREV07_6_1	BREV07_6_1
BREV11_1_11	BREV11_1_11
BREV11_3_4	BREV11_3_4
BREV11_5_1	BREV11_5_1
BREV11_5_3	BREV11_5_3
BREV11_6_11	BREV11_6_11
BREV12_3_1	BREV12_3_1
BREV12_4_1	BREV12_4_1
BREV12_5_1	BREV12_5_1
BREV12_6_1	BREV12_6_1
BREV19_1_1	BREV19_1_1
BREV19_2_1	BREV19_2_1
BREV19_3_1	BREV19_3_1
BREV19_4_1	BREV19_4_1
CLEV_cle	CLEV_cle
FREM06_3_2	FREM06_3_2
FREM06_4_3	FREM06_4_3
FREM21_2_1	FREM21_2_1
FREM21_3_11	FREM21_3_11
FREM21_4_11	FREM21_4_11
FREM22_5_1	FREM22_5_1
FREM22_6_1	FREM22_6_1
JOHN31_1_1	JOHN31_1_1
JOHN31_2_1	JOHN31_2_1
JOHN31_4_1	JOHN31_4_1
JOHN31_5_1	JOHN31_5_1
JOHN31_5_2	JOHN31_5_2
NANU01_1	NANU01_1
NANU01_2	NANU01_2
CONS01_1_1	CONS01_1_1
